id,uri,preview,title,genres,artists,artistsIds,albumTitle,albumId,image,albumReleaseYear,duration,key,mode,timeSignature,acousticness,danceability,energy,instrumentalness,liveness,loudness,speechiness,valence,tempo
2EYm6XYiMF1o3jUCR0ElnW,spotify:track:2EYm6XYiMF1o3jUCR0ElnW,https://p.scdn.co/mp3-preview/b4df9f68c45d77f6cad763b4c84707c668b976c0?cid=61a9bb7d5c7b4b0993b2a4af35e647a3,Bentivoglio Angelina,folk rock italiano | italian alternative,Quintorigo,4guRW6Wa0XPtSNDy5yDkjP,Grigio,270IC3XZCJIoxK5uRPzWmY,https://i.scdn.co/image/ab67616d0000485153ba5461c8550e7a01ae3764,2001,254333,9,1,4,0.293,0.605,0.689,0.0000127,0.129,-5.312,0.0381,0.343,105.924
1yhr95Jd7uqh391cqQDrpx,spotify:track:1yhr95Jd7uqh391cqQDrpx,https://p.scdn.co/mp3-preview/693e868b7f1b9652d686cf5c6e6dd5c2267514f7?cid=61a9bb7d5c7b4b0993b2a4af35e647a3,L'assenzio ( the Power of Nothing),italian alternative,Bluvertigo,6q8FspLLQOHpabMMbEb8Vq,Pop Tools (Alcune Fasi e Forme d'Onda),2NZmrYl2xI4xZSAOG2YRM7,https://i.scdn.co/image/ab67616d000048515747573d4e2cbfb3ff109882,2001,233427,1,0,4,0.0624,0.722,0.507,0.000755,0.124,-8.084,0.0354,0.619,129.692
16QVMWXSDDdma3j7thl3qG,spotify:track:16QVMWXSDDdma3j7thl3qG,https://p.scdn.co/mp3-preview/068e0e1d606b2999fbefa5a72ea76db578b7407c?cid=61a9bb7d5c7b4b0993b2a4af35e647a3,Caffè nero bollente - 2021 Remaster,classic italian pop | italian adult pop,Fiorella Mannoia,5VxhGHbcuvqTLRUWzBUN8L,Fiorella Mannoia (2021 Remaster),0fKTBSmD3owQ0jDwN78INm,https://i.scdn.co/image/ab67616d000048519159bd0731a8e9fad097862b,1984,265107,9,1,4,0.11,0.84,0.618,0,0.0857,-8.642,0.0596,0.429,118.489
3vSvzXZVJ92x9fHPQAqgVo,spotify:track:3vSvzXZVJ92x9fHPQAqgVo,https://p.scdn.co/mp3-preview/b04767ed788aad7a98052d761316f9a4f2bc8ffd?cid=61a9bb7d5c7b4b0993b2a4af35e647a3,Vado al massimo,classic italian pop | italian adult pop,Vasco Rossi,5l4nhyz8876RhgE2d18h65,Vado al massimo (Remastered),6E94kQ6nvwprEL5XtidoxM,https://i.scdn.co/image/ab67616d0000485197be768fcaa3262d0c96fd09,1982,243867,11,1,4,0.00739,0.674,0.726,0.00000431,0.209,-6.444,0.0598,0.822,137.263
3rIyt8qnPDXR8GRaWeiVtX,spotify:track:3rIyt8qnPDXR8GRaWeiVtX,https://p.scdn.co/mp3-preview/2b8435ff59bc5c523b00d1727ae437f62d41223b?cid=61a9bb7d5c7b4b0993b2a4af35e647a3,Pafff.. bum!,canzone d'autore | classic italian pop | italian adult pop,Lucio Dalla,25MkkfEousyfp2eyh38FUl,12000 lune,6FAodIEfgmPYI0sL3KEWHQ,https://i.scdn.co/image/ab67616d00004851d5ac3fc935856bec462e7695,2006,141227,0,1,4,0.442,0.502,0.796,0,0.151,-5.692,0.101,0.785,141.971
7bDDUMonsSUQyvctsj9lg9,spotify:track:7bDDUMonsSUQyvctsj9lg9,https://p.scdn.co/mp3-preview/d3d27d88088bfe619ed4a3d22e7d33f3f8815b11?cid=61a9bb7d5c7b4b0993b2a4af35e647a3,Se me lo dicevi prima,canzone d'autore | classic italian pop | folk rock italiano | italian adult pop | musica lombarda,Enzo Jannacci,02tKmsUnu6UIYpTx5Wyle8,"No, Tu No",6KZkxbFfmuaWe8EiiRo3S4,https://i.scdn.co/image/ab67616d0000485194ae5c43ced630d5b638dfae,1997,263133,5,1,3,0.49,0.518,0.592,0,0.368,-11.415,0.036,0.462,88.241
31tMfnSq3Ze0kEtRRo9FkR,spotify:track:31tMfnSq3Ze0kEtRRo9FkR,https://p.scdn.co/mp3-preview/90368a2f387aec2cabe1c29ab5b70d6d2aaf40bd?cid=61a9bb7d5c7b4b0993b2a4af35e647a3,Contessa,italian new wave,Decibel,0wSk7M2UXea9whwjDzmK4R,Noblesse Oblige,2hGSY7M8gvra4LgbTAY9Bi,https://i.scdn.co/image/ab67616d0000485186b573d446d21a8b6e985352,2017,183600,11,1,4,0.656,0.842,0.747,0.0000105,0.0848,-6.103,0.0355,0.813,132.011
7eeAVOoaHu2C4zRwzoECIT,spotify:track:7eeAVOoaHu2C4zRwzoECIT,https://p.scdn.co/mp3-preview/b524952858b60a87bb75ca53f5ae5fd3bdf34648?cid=61a9bb7d5c7b4b0993b2a4af35e647a3,La terra dei cachi,italian adult pop | italian alternative,Elio e le Storie Tese,61r4cE4aoOD50wPNhQ5fF7,"Del meglio del nostro meglio, Vol. 1 (remastered)",7cuO4e5ApaIWndIxsxwOSM,https://i.scdn.co/image/ab67616d00004851629828b3c5e3f162fc39226d,1997,281333,10,1,4,0.286,0.643,0.618,0,0.745,-7.451,0.115,0.593,90.666
0XByMyQh8zv94pmr9SnbqG,spotify:track:0XByMyQh8zv94pmr9SnbqG,https://p.scdn.co/mp3-preview/26c6ad5acd17d21acfb254a9fb9f4e19c1174ea4?cid=61a9bb7d5c7b4b0993b2a4af35e647a3,Mamma Non Lo Sa,italian alternative | italian reggae,Almamegretta,7qE9giF76uQ8UcFwlZhiP6,Controra,5TizU1nhmP8zngvjbMibLd,https://i.scdn.co/image/ab67616d000048512678e68a0d847e444465b106,2013,192960,9,1,4,0.0861,0.715,0.884,0,0.364,-5.451,0.0846,0.76,145.994
3wtQeyl59gDxcJkvbV036k,spotify:track:3wtQeyl59gDxcJkvbV036k,https://p.scdn.co/mp3-preview/a795349a71f196f7a645e55aaf076ab364faf0f5?cid=61a9bb7d5c7b4b0993b2a4af35e647a3,Tu fai schifo sempre,,I Pandemonium,717AOR8NywHgYvjrlQtzyp,I Pandemonium,4JWO6OQfAhyNzTIBnOvhO2,https://i.scdn.co/image/ab67616d00004851ead2fd5a0651147e35eeb2c0,1997,215133,8,1,4,0.00615,0.6,0.575,0,0.0885,-9.433,0.0427,0.577,89.084
0vk46qEN6DEzancOurslfM,spotify:track:0vk46qEN6DEzancOurslfM,https://p.scdn.co/mp3-preview/52ed3e8734454276a06815620c09773ffee086c5?cid=61a9bb7d5c7b4b0993b2a4af35e647a3,Ma Che Freddo Fa,classic italian pop,Nada,37x1MqNXlCtuLLYSXYX7jA,Nada,484oWTby23satVIgHKMO0e,https://i.scdn.co/image/ab67616d0000485123737713dfbd9fb00a2e2ab3,1969,183627,10,0,4,0.589,0.517,0.581,0.0000691,0.15,-12.323,0.0397,0.824,165.417
6RrHjDbTT8ibYqSBsZbmRA,spotify:track:6RrHjDbTT8ibYqSBsZbmRA,https://p.scdn.co/mp3-preview/c95bfec55a5d586dd1733a7dd40c292965c71137?cid=61a9bb7d5c7b4b0993b2a4af35e647a3,"Rolls Royce (feat. Boss Doms, Frenetik&Orang3)",italian adult pop | italian hip hop | italian pop | brostep | edm | italian indie pop,Achille Lauro / Boss Doms / Frenetik&Orang3,"0lI3rF4hi4op6UxqlLHPzv,57aMHpsX2SXTbLatmeEd6j,2lkP8239tkwRjg5N7d2D0w",1969 - Achille Idol Rebirth,0zMH1I8EZPPGYAzxZ9H0gU,https://i.scdn.co/image/ab67616d00004851d7d1c841048a5776dd5405c4,2020,173345,9,1,4,0.00582,0.643,0.922,0,0.643,-3.907,0.0641,0.308,141.913
6v2eWAtpP4WDrxRDAG9FwL,spotify:track:6v2eWAtpP4WDrxRDAG9FwL,https://p.scdn.co/mp3-preview/62166061ef11742908093ac95b1d7d5de2545e2c?cid=61a9bb7d5c7b4b0993b2a4af35e647a3,Sincero (feat. Morgan),italian alternative | italian indie pop,Bugo / Morgan,"01U4yWwtUKMckbI55OiT7g,6RUY9TXdPIoeOExtd9twr0",Sincero (feat. Morgan),1N1j43lLEbPtcH2agEYos7,https://i.scdn.co/image/ab67616d00004851a7586027a25a4b23e644d8a1,2020,223427,10,1,4,0.00427,0.642,0.843,0,0.186,-5.131,0.0327,0.538,118.037
6sQnJYreMFioBBC669F8TU,spotify:track:6sQnJYreMFioBBC669F8TU,https://p.scdn.co/mp3-preview/2a7ed595344d67b6ababa5b77ba50655161b10e1?cid=61a9bb7d5c7b4b0993b2a4af35e647a3,Carmela,classic italian pop,Donatella Rettore,7eIqewR3PiwQDItf5G2SyV,Donatella Rettore,0Ctuj9CxKPxsIedarTb49M,https://i.scdn.co/image/ab67616d0000485190b28b290e156859cfa9a454,1977,261271,0,1,4,0.215,0.636,0.734,0.00123,0.0966,-5.43,0.042,0.627,111.006
19Rdet8mE1HvEoO4aMrQs3,spotify:track:19Rdet8mE1HvEoO4aMrQs3,https://p.scdn.co/mp3-preview/0ee21537c11bcec5686c1e92b70b757c53b0b557?cid=61a9bb7d5c7b4b0993b2a4af35e647a3,Il terzo fuochista,musica etnica,Tosca,2QezBWDHOoFeVCM3wlzTDu,Romana,0qnJo0nniBPA33NV72WgRQ,https://i.scdn.co/image/ab67616d0000485128763c998fb0a3a7d2a30902,2007,242053,0,0,4,0.843,0.469,0.438,0.0000017,0.176,-8.231,0.0378,0.482,100.936
2u8X8HaobutZdw7jtRcJT3,spotify:track:2u8X8HaobutZdw7jtRcJT3,https://p.scdn.co/mp3-preview/4d270d1616008d9bf2cc3618a6ccbdce5a4f78c3?cid=61a9bb7d5c7b4b0993b2a4af35e647a3,Ciao Barbarella,,Ciro Sebastianelli,1woevdio0DhaV9mcYxCfuk,Ciro Sebastianelli,3Fwu7sLQ1Oqei8qHjmvtwq,https://i.scdn.co/image/ab67616d0000485146d1f612503e622c678bf9f6,2000,202427,10,1,4,0.258,0.485,0.9,0,0.226,-9.22,0.0764,0.648,132.106
5HAri7dfAKqA7vTAt8vwMB,spotify:track:5HAri7dfAKqA7vTAt8vwMB,https://p.scdn.co/mp3-preview/022a3e57af33fdbf0592d21c2ff2a407c5476012?cid=61a9bb7d5c7b4b0993b2a4af35e647a3,Andamento lento,italian jazz | neapolitan funk,Tullio De Piscopo,677NtrMPiyPumrSUs8lBKk,1998…e I miei grandi successi,4Vas2bDBwoX9SmeJ9ucL1Q,https://i.scdn.co/image/ab67616d000048510242a5a6414f516f29328509,1998,256467,5,0,4,0.14,0.839,0.902,0.00363,0.321,-6.314,0.0488,0.857,110.001
4jmvkbDw0cuWD2Fi9VswFQ,spotify:track:4jmvkbDw0cuWD2Fi9VswFQ,https://p.scdn.co/mp3-preview/ebbbeefbb7155fc27a586a3d8cdfffa35b2b05ad?cid=61a9bb7d5c7b4b0993b2a4af35e647a3,Mai Dire Mai (La Locura),italian alternative | italian indie pop | italian pop | rap napoletano | turin indie,Willie Peyote,00CsjN69YCczmdW0bDKaCC,Mai Dire Mai (La Locura),6Ly8jC23vIa4evVzICvZRu,https://i.scdn.co/image/ab67616d0000485107489a52dad91c848684a8bb,2021,208664,1,1,4,0.204,0.733,0.793,0,0.139,-6.123,0.181,0.856,138.084
6134tdWf6qjAGgQs1xJRyA,spotify:track:6134tdWf6qjAGgQs1xJRyA,https://p.scdn.co/mp3-preview/2f0eb6f5e4976c65c50c027ce5c08d51868226c9?cid=61a9bb7d5c7b4b0993b2a4af35e647a3,Una Vita In Vacanza,italian adult pop | italian alternative | italian indie pop | italian pop,Lo Stato Sociale,1MBjY2JFotAGoTYDfO80cM,Primati,5zbqOeGsHkqezYWdjl4VpQ,https://i.scdn.co/image/ab67616d00004851b94f544584a7371e03341a3a,2018,233947,10,1,4,0.135,0.641,0.923,0,0.097,-4.138,0.103,0.663,135.016
1X3eAXBIhLIsD8krO81Vup,spotify:track:1X3eAXBIhLIsD8krO81Vup,https://p.scdn.co/mp3-preview/f7cd496bb4dd21c592c467b5995479dfb49c3dd2?cid=61a9bb7d5c7b4b0993b2a4af35e647a3,Papa Nero,indie veneto | italian reggae,Pitura Freska,7nDp1YwhqukHtWtiQeH0LD,GRAN CALMA,5HuowqKpNxqmuwSY0RLjaP,https://i.scdn.co/image/ab67616d00004851a557202ee1ce21b4dc43f134,2011,234387,2,1,4,0.0311,0.739,0.904,0.0029,0.0531,-3.746,0.0436,0.897,84.984
18ZdbJMhUcNpXtbk9kTA1B,spotify:track:18ZdbJMhUcNpXtbk9kTA1B,https://p.scdn.co/mp3-preview/d70dcdfef1dce2d26954908c7dfcd600ee62f687?cid=61a9bb7d5c7b4b0993b2a4af35e647a3,Cose Veloci,italian new wave,Garbo,7klJT9ZfZwUiXaprwIxbso,Fotografie,0VUxmTTE6ka4B6iw56kufZ,https://i.scdn.co/image/ab67616d00004851f75088571c8d82bcfbd14a57,2004,247466,10,1,4,0.0651,0.756,0.764,0.137,0.109,-9.809,0.0244,0.799,108.896
3rrhZJ5RzTD7YrardXkhn4,spotify:track:3rrhZJ5RzTD7YrardXkhn4,https://p.scdn.co/mp3-preview/75c9717be5f81c5c7bff708b3a9f2d0e9dde17af?cid=61a9bb7d5c7b4b0993b2a4af35e647a3,Pitzinnos in sa gherra,classic italian pop | musica sarda,Tazenda,3iET9n0KDfyrTBmCFGZjnS,Vida,2OCfY0uJlOFW0qpOXO9bNy,https://i.scdn.co/image/ab67616d000048515bef77d8c50598de1c92b4a2,2007,258893,5,1,4,0.0272,0.612,0.565,0,0.0965,-5.388,0.0287,0.359,175.807
6WuLDwygCrcsLGB6qaqIK5,spotify:track:6WuLDwygCrcsLGB6qaqIK5,https://p.scdn.co/mp3-preview/f94bd492c88be72ea69fb3128eeae5f52e1ba9b5?cid=61a9bb7d5c7b4b0993b2a4af35e647a3,Ma Perchè - 1991 Remaster,classic italian pop | italian adult pop,Matia Bazar,449mAbddAC2PAgNM3TLyc5,Gran bazar,2eQOIfa83ZGRRcphsFEBdH,https://i.scdn.co/image/ab67616d00004851d906b8ac0df0ffd91934c28f,1991,202400,6,0,4,0.00636,0.576,0.767,0.00021,0.0798,-9.698,0.0332,0.967,125.81
5Dt3SmukbC11M8p5boi1ss,spotify:track:5Dt3SmukbC11M8p5boi1ss,https://p.scdn.co/mp3-preview/05e7f2a7c68cffb8c2f84b6ac446cacc9c0d0201?cid=61a9bb7d5c7b4b0993b2a4af35e647a3,Sbatti Ben Su Del BeBop,,Ladri Di Biciclette,4xsbbVfhjw1iCPyLKQdKQe,Made In Italy,2GU0jh6JYDm5CZzOwFJBb9,https://i.scdn.co/image/ab67616d0000485142ec7005ad101b9acd1e0469,2004,249747,0,1,4,0.582,0.614,0.892,0,0.706,-9.421,0.144,0.494,207.063
7wfaa5eSB5e8L3iKTsFTql,spotify:track:7wfaa5eSB5e8L3iKTsFTql,https://p.scdn.co/mp3-preview/5b827bd21c8ffc49a09c173d69d199ff7c59bfb3?cid=61a9bb7d5c7b4b0993b2a4af35e647a3,Gigante,classic italian pop | italian adult pop,Piero Pelù,6gTrPTTb3XgiLt7GGcmf8j,Pugili fragili,5tDFqVgQ2YMRlkA8tNQOof,https://i.scdn.co/image/ab67616d000048514a7913f666d873b33397a514,2020,220640,4,1,4,0.00424,0.614,0.901,0,0.141,-4.677,0.0533,0.662,115.984
5iLoVWRuwPity9CuN1VTJ8,spotify:track:5iLoVWRuwPity9CuN1VTJ8,https://p.scdn.co/mp3-preview/ee0833f67289b14f23ec5bd8f2a3068317bcaef8?cid=61a9bb7d5c7b4b0993b2a4af35e647a3,Il Ragazzo Della Via Gluck - Remastered,classic italian pop | italian adult pop,Adriano Celentano,1yq9UuPp5DIb5w6eswGbKV,Il Ragazzo Della Via Gluck (2012 Remaster),5S22BsWZcjENeRpXRKiB4V,https://i.scdn.co/image/ab67616d00004851c087cb9bac4f3abab7b0c4fd,1966,253747,2,1,4,0.481,0.628,0.423,0,0.115,-5.739,0.0328,0.447,109.368
4vgziFK1AtMxdnZllyaDnC,spotify:track:4vgziFK1AtMxdnZllyaDnC,https://p.scdn.co/mp3-preview/99eb5e72ec573a66ae5c431f8ea433b0c0301019?cid=61a9bb7d5c7b4b0993b2a4af35e647a3,La bottega del caffe',classic italian pop | indie rock italiano,Alberto Camerini,7kOQR3ATctYUODFM38PUOI,Rockmantic Collection,47UVu4TaCdXT12GFQPswt3,https://i.scdn.co/image/ab67616d000048513f198e769434261568a5e2c5,1998,220293,0,1,4,0.00457,0.658,0.843,0,0.0318,-7.387,0.0436,0.386,113.369
1SIp3BtzYxFfVy7AD8r0PZ,spotify:track:1SIp3BtzYxFfVy7AD8r0PZ,https://p.scdn.co/mp3-preview/7992700cfb189b416734774911737f005a7f0337?cid=61a9bb7d5c7b4b0993b2a4af35e647a3,Combat pop (ALBI #1),italian adult pop | italian alternative | italian indie pop | italian pop,Lo Stato Sociale,1MBjY2JFotAGoTYDfO80cM,Attentato alla musica italiana,2ARUgdwDSy3vW5mhcnDvP8,https://i.scdn.co/image/ab67616d00004851afbf889c1cc6a9bb4238642f,2021,205531,9,1,4,0.00241,0.484,0.976,0.00000583,0.435,-5.276,0.0956,0.755,174.967
1UV5OkoxrRI7ynZSQykPXm,spotify:track:1UV5OkoxrRI7ynZSQykPXm,https://p.scdn.co/mp3-preview/5cbd5afc99fbb224197df3a8173027c8b7d7634c?cid=61a9bb7d5c7b4b0993b2a4af35e647a3,Accidenti,beat italiano | classic italian pop,Rocky Roberts,6eCgsu961ClH7K6NSsXaBh,Rocky Roberts,4kAfPxlz8TxOvx7vyAY8xK,https://i.scdn.co/image/ab67616d00004851a986405f3c7e0a78eacb077a,2002,173747,10,1,4,0.532,0.269,0.642,0.0336,0.175,-4.948,0.0413,0.82,161.082
0Dz9zyx2w3zYtRK6yp3VKD,spotify:track:0Dz9zyx2w3zYtRK6yp3VKD,https://p.scdn.co/mp3-preview/5fad6b5f3c568114695be6bf4fa51288c6892d62?cid=61a9bb7d5c7b4b0993b2a4af35e647a3,SESSO OCCASIONALE,italian adult pop | italian pop,Tananai,35V1WomiedCJeGfupcPm7s,SESSO OCCASIONALE,51lcCxrqnkTxRLbmbL7KX6,https://i.scdn.co/image/ab67616d00004851dcb40d24910a8513988aa183,2022,195923,0,1,4,0.00725,0.647,0.857,0,0.0608,-4.23,0.0654,0.659,130.007
7rdw5FwyUOuXtTQCKRtsWy,spotify:track:7rdw5FwyUOuXtTQCKRtsWy,https://p.scdn.co/mp3-preview/27c85426a339b5b818c3a5af82113908e3b15121?cid=61a9bb7d5c7b4b0993b2a4af35e647a3,Mezze verità,rap italiano old school,Sottotono,7y9fjudnPW7IIhom2ZES3N,Playlist: Sottotono,3PNhqVcLql4ffwqtzIKXMr,https://i.scdn.co/image/ab67616d000048514f44e82a2a21deb11e47a297,2016,258427,8,0,4,0.116,0.599,0.873,0.00000209,0.181,-4.833,0.0574,0.788,172.038
1vbGCz41lKI9QZqnCslW3L,spotify:track:1vbGCz41lKI9QZqnCslW3L,https://p.scdn.co/mp3-preview/591a896aabd6027c0ed2ab32c429ee4739cf0b73?cid=61a9bb7d5c7b4b0993b2a4af35e647a3,Allo stadio,classic italian pop | italian adult pop,Stadio,4zf0kIjnzqjWlI3Eaw5VlA,La Faccia Delle Donne,76rFF7v6dK477ZuNohtqPh,https://i.scdn.co/image/ab67616d000048512fcfb0aad37ad5cb4d5c6a74,1984,219160,0,1,4,0.217,0.683,0.557,0,0.123,-12.878,0.0544,0.561,138.652
2QYCQBAhv5TOvmDmWRnbU5,spotify:track:2QYCQBAhv5TOvmDmWRnbU5,https://p.scdn.co/mp3-preview/46316bd433978cf0527a2a79956d671e967e5276?cid=61a9bb7d5c7b4b0993b2a4af35e647a3,Ladro di te,italian reggae | rap italiano old school,Piotta,1BOlQSV8XJgH0adrCt1wUx,Tommaso,5OA8Ll7quQqsAFKOsXcSPA,https://i.scdn.co/image/ab67616d00004851db5ff556fc66e9c6f29e030d,2004,216933,5,1,4,0.116,0.777,0.68,0,0.092,-7.951,0.269,0.671,91.994
13o2dU3sWYYKqB3D3npOR6,spotify:track:13o2dU3sWYYKqB3D3npOR6,https://p.scdn.co/mp3-preview/2675eb01dc5ace9df87a4217a16ef916183346b3?cid=61a9bb7d5c7b4b0993b2a4af35e647a3,Sugli sugli bane bane,,Le Figlie del Vento,5KdQM9MsxN0vGes2TlO3zb,Mai dire compilation!,0gs0mysY0cv4AuZ3HdebGV,https://i.scdn.co/image/ab67616d0000485181aab4002ac0dbaedfc6b606,2012,161160,10,0,4,0.00183,0.53,0.741,0.0602,0.101,-12.904,0.0557,0.279,181.786
4ukx28Dx9UnZlFWk81HNaV,spotify:track:4ukx28Dx9UnZlFWk81HNaV,https://p.scdn.co/mp3-preview/ad4e8de3a3d629b69aed72067fa4c7de2fcf9427?cid=61a9bb7d5c7b4b0993b2a4af35e647a3,Ma Che Ne Sai... (...Se Non Hai Fatto Il Piano-Bar),classic italian pop,Gigi Proietti / Trio Melody / Peppino Di Capri / Stefano Palatresi,"4aztUD9n74oCxu7ss8C8UD,2JhA5aOKefzHPXKbyhi61y,4zg9VA3wNR2KFwpvPabqa4,5hyNfdEAhG5oKIRhpgS5bx",Ma Che Ne Sai... (...Se Non Hai Fatto Il Piano-Bar),5MEDvsrCUMJ5HbYaozGNRU,https://i.scdn.co/image/ab67616d000048510b335cfc2520b0a43bfe95e0,2009,193867,0,1,4,0.759,0.788,0.333,0.00000231,0.585,-12.472,0.0403,0.766,104.971
3tx0Rl5JSvTVfPMuDd0CdN,spotify:track:3tx0Rl5JSvTVfPMuDd0CdN,https://p.scdn.co/mp3-preview/e30d82cac9b7461f5a43cd70e4cccceae83baf01?cid=61a9bb7d5c7b4b0993b2a4af35e647a3,Il farmacista,classic italian pop | italian adult pop | italian pop,Max Gazzè,1h5O32I1o0VOnpLmKXLfRa,Il farmacista,5O37ctKTp6CZyfhrRZhLq3,https://i.scdn.co/image/ab67616d000048519c2a6d0bc022c8812e55d631,2021,251634,1,0,4,0.0327,0.617,0.808,0.0000144,0.108,-7.353,0.0364,0.878,143.98
3FVa0R2evbgjVOd3bejudr,spotify:track:3FVa0R2evbgjVOd3bejudr,https://p.scdn.co/mp3-preview/bd1e840c198ce6b662c8b097bf157b5122e4bbcf?cid=61a9bb7d5c7b4b0993b2a4af35e647a3,Dove Si Balla,italian adult pop | italian hip hop | italian pop | milan indie | r&b italiano,Dargen D'Amico,7muPB2GhV0sEg2K1Fgj0Xm,Dove Si Balla,5iTNhsNPt2pesmEDZlcphf,https://i.scdn.co/image/ab67616d00004851bc7a69dc59ab4e53d2b8c511,2022,198082,0,1,4,0.176,0.592,0.603,0,0.123,-5.403,0.0933,0.437,145.94
0dNEbW5JkgNm4uAbsrPOZ2,spotify:track:0dNEbW5JkgNm4uAbsrPOZ2,https://p.scdn.co/mp3-preview/3e32aec6313ab885e93ddfe1a9a6b736a3158336?cid=61a9bb7d5c7b4b0993b2a4af35e647a3,Single,italian lounge,Danny Losito,3su0bqQsPT32tMf1Yp76Yf,Single,24Fjh8Ivs7LRHeeTwd5ib2,https://i.scdn.co/image/ab67616d00004851759727149972968bc06dd545,2004,211190,7,1,4,0.112,0.841,0.731,0,0.0972,-7.314,0.169,0.94,105.988
2rRUTnurxd42lIBpQco6EV,spotify:track:2rRUTnurxd42lIBpQco6EV,https://p.scdn.co/mp3-preview/af58b071f4c3eb288e4445a46f0561da2f93660a?cid=61a9bb7d5c7b4b0993b2a4af35e647a3,Senza impegno,,Le Volpi Blu,7Hnu3ZUfIIqmFGI39PNFVK,Il meglio,6THRv6wgJm7Or9cRDkralo,https://i.scdn.co/image/ab67616d000048518f9b40f37818563718f4508e,1998,163960,0,1,4,0.0762,0.593,0.696,0,0.104,-8.131,0.028,0.855,128.55
4pxSUeyBMAdSWjs69J8RZQ,spotify:track:4pxSUeyBMAdSWjs69J8RZQ,https://p.scdn.co/mp3-preview/b73c9679025620f5e30301499357950eca36dc52?cid=61a9bb7d5c7b4b0993b2a4af35e647a3,Faccia di cane,beat italiano | classic italian pop | italian progressive rock,New Trolls,5RN8L3RHQZ87m7gNWUyFmu,Aldebaran... e altre emozioni,47HDlTeacOGiaTVwfOZ0GR,https://i.scdn.co/image/ab67616d0000485107ed3221a715fe3705ed8c26,2012,247693,0,0,4,0.596,0.761,0.452,0.0000909,0.177,-14.117,0.0295,0.66,109.519
0jLeyuu6mtsD384054xLah,spotify:track:0jLeyuu6mtsD384054xLah,https://p.scdn.co/mp3-preview/925044836c1f9d31fc6a6d469539bc97b02b2035?cid=61a9bb7d5c7b4b0993b2a4af35e647a3,Ciao Ciao,indie siciliano | italian alternative | italian indie pop | italian pop,La rappresentante di lista,0YmQyGKpZgGSDxsC8iEGQU,Ciao Ciao,0pK7UNY1nXMQeeJKiAZMMj,https://i.scdn.co/image/ab67616d000048510f1c471dae67e1626c9fd385,2022,184311,4,0,4,0.125,0.747,0.819,0.00000261,0.331,-4.602,0.134,0.637,117.994
2Kv2f0zunEJkre9EQAJa1I,spotify:track:2Kv2f0zunEJkre9EQAJa1I,https://p.scdn.co/mp3-preview/542e0345e222ee33f02221e8fdbfb569cd27efa8?cid=61a9bb7d5c7b4b0993b2a4af35e647a3,Le Opere Di Bartolomeo,beat italiano | classic italian pop,The Rokes,784vfbIFL4SU0u1J0Pn0Rb,The Rokes,3mm9uSe1qxj3rndKZKA61E,https://i.scdn.co/image/ab67616d00004851a7b696b3d61a416fbab917a1,2002,215080,3,0,4,0.411,0.349,0.505,0.000186,0.15,-9.806,0.031,0.579,107.61
0I6jp8AUdOgYQ2DOxF4mCH,spotify:track:0I6jp8AUdOgYQ2DOxF4mCH,https://p.scdn.co/mp3-preview/244f294f090f1828b4a28e2892b86e517817b732?cid=61a9bb7d5c7b4b0993b2a4af35e647a3,Liberi O No,dance-punk | electro house | fidget house | filter house,Raphael Gualazzi / The Bloody Beetroots,"6hu9cUsJDFg2kUkAAjOepA,0QJKELJZZuLAjqLOOixJm5",Happy Mistake (International Deluxe Edition),7dUWUdY9Rn07Uk46wBwEOC,https://i.scdn.co/image/ab67616d00004851be17598430540368ee66e854,2014,217613,0,1,4,0.00301,0.57,0.759,0,0.0837,-5.253,0.0336,0.171,130.035
4KvJHSwn7GG5XVg1PSC9vQ,spotify:track:4KvJHSwn7GG5XVg1PSC9vQ,https://p.scdn.co/mp3-preview/6e5fc7f6790b49d01432f86b0ea62d2c502b63e9?cid=61a9bb7d5c7b4b0993b2a4af35e647a3,Bada Bambina,classic italian pop | musica sammarinese,Little Tony,6g9yfu8k5sapPN9iisZhEW,Little Tony,5L6au4dlAWmCsYa9SWUlys,https://i.scdn.co/image/ab67616d00004851ee7eb93074e9cb0985a6fc3b,2000,174733,7,1,3,0.366,0.547,0.801,0,0.113,-5.674,0.045,0.96,81.059
2Jgl0CTX70DeULejc5XUsn,spotify:track:2Jgl0CTX70DeULejc5XUsn,https://p.scdn.co/mp3-preview/f64a1e4577062dc85363606a606c13c67c66da96?cid=61a9bb7d5c7b4b0993b2a4af35e647a3,Verso il 2000,classic italian pop,Flavia Fortunato,6u4qQuBV1wEiChGgPVT45f,Verso il 2000,5QybZhfwjSfKnDIRkmi1h6,https://i.scdn.co/image/ab67616d0000485167edb67514ba6d084d610a8d,2014,274156,4,1,4,0.653,0.743,0.383,0.00439,0.109,-14.071,0.0297,0.544,106.801
0Y5wPtrrDx8Z7leLqYbF6F,spotify:track:0Y5wPtrrDx8Z7leLqYbF6F,https://p.scdn.co/mp3-preview/72342a9bdc044f7c8642cb9ce8244f666b73f26f?cid=61a9bb7d5c7b4b0993b2a4af35e647a3,Italia amore mio,italian tenor | classic italian pop,Luca Canonici / Pupo / Emanuele Filiberto,"5EPuE5AnmS2tOrgNEmd47b,6LjwPhoH3RDoL8JoXciUHL,5i2qgL9Q4eV4K3uIPYBygd",Italia amore mio,1XBGjZaXqq3zdUs4MzIcc4,https://i.scdn.co/image/ab67616d00004851fbd6e3155d76433b6f675213,2013,217600,7,0,4,0.675,0.409,0.495,0.0000192,0.176,-7.503,0.0358,0.335,153.561
6zFbHceSJ23viD2FKoXS06,spotify:track:6zFbHceSJ23viD2FKoXS06,https://p.scdn.co/mp3-preview/45b998ed7dd17c0452d284fe13179f244fa17d79?cid=61a9bb7d5c7b4b0993b2a4af35e647a3,Innamoratissimo,italo disco,Righeira,6hfVCgKTJbLM6M18e2z7OI,Righeira The 80's Hit Songs,0kXv5aOToWfQDF31IfM7mm,https://i.scdn.co/image/ab67616d0000485181a7dbf745292d51a0b75771,2018,229523,3,1,4,0.141,0.699,0.858,0.0000113,0.0489,-8.997,0.0307,0.971,127.907
4RG8tAMD8kCDiW8W6TAb0P,spotify:track:4RG8tAMD8kCDiW8W6TAb0P,https://p.scdn.co/mp3-preview/e674326e427ad9c0df30898289ae634aa7e1df23?cid=61a9bb7d5c7b4b0993b2a4af35e647a3,Sinue' - Alternative Version,italian jazz fusion | italo disco | neapolitan funk,Tony Esposito,2E236rsxSkaqZfJpv57gYF,Sinue' (Original Motion Picture Soundtrack),5R9RmrSBzjR4PzEnp7c5OO,https://i.scdn.co/image/ab67616d0000485154d7f72159307fd76f4b560d,1987,231457,10,1,4,0.418,0.718,0.522,0.0884,0.0408,-14.125,0.0353,0.96,119.234
7LFXimqV3fbyE1IQrTkwlk,spotify:track:7LFXimqV3fbyE1IQrTkwlk,https://p.scdn.co/mp3-preview/2030d2f07339bb102c790d4fc53d6895bb1f6c8c?cid=61a9bb7d5c7b4b0993b2a4af35e647a3,Buona Giornata,classic italian pop,Ricchi E Poveri,5BwOOeKayeMZXa5SSaiRxv,Made In Italy,0aHIpO6L0A7hgp5Czy8OFF,https://i.scdn.co/image/ab67616d0000485164ecbcb50574e54de5a8a7f4,2004,218189,5,1,4,0.131,0.742,0.744,0,0.16,-9.934,0.0285,0.963,127.896
2mz1KvlR3aHoLSJTdh1nwR,spotify:track:2mz1KvlR3aHoLSJTdh1nwR,https://p.scdn.co/mp3-preview/c3a0d50dec369e4f89dec84d64231cf2819d1db9?cid=61a9bb7d5c7b4b0993b2a4af35e647a3,Quelli Che Non Hanno Età - Gabry Ponte Power Cut,eurodance | europop | italian adult pop | italo dance | slap house,Eiffel 65 / Gabry Ponte,"64rxQRJsLgZwHHyWKB8fiF,5ENS85nZShljwNgg4wFD7D",Eiffel 65 (Italian Album),1JhmNKRWia4bEo6IH8AFpg,https://i.scdn.co/image/ab67616d00004851b09b28c13eb5477b5a984bf6,2005,239407,11,0,4,0.049,0.543,0.854,0,0.614,-7.305,0.0397,0.523,134.987